sheet,status,icons,note
items-0001-0050,PASS,50,qa=docs/assets/icon-sheets/upscale-4x-clean/qa-boards/items-0001-0050-qa.jpg; sheet_fail=0; sheet_warn=0
items-0051-0100,PASS,50,qa=docs/assets/icon-sheets/upscale-4x-clean/qa-boards/items-0051-0100-qa.jpg; sheet_fail=0; sheet_warn=0
items-0101-0150,PASS,50,qa=docs/assets/icon-sheets/upscale-4x-clean/qa-boards/items-0101-0150-qa.jpg; sheet_fail=0; sheet_warn=0
items-0151-0200,PASS,50,qa=docs/assets/icon-sheets/upscale-4x-clean/qa-boards/items-0151-0200-qa.jpg; sheet_fail=0; sheet_warn=0
items-0201-0250,PASS,50,qa=docs/assets/icon-sheets/upscale-4x-clean/qa-boards/items-0201-0250-qa.jpg; sheet_fail=0; sheet_warn=0
items-0251-0300,PASS,50,qa=docs/assets/icon-sheets/upscale-4x-clean/qa-boards/items-0251-0300-qa.jpg; sheet_fail=0; sheet_warn=0
items-0301-0350,PASS,50,qa=docs/assets/icon-sheets/upscale-4x-clean/qa-boards/items-0301-0350-qa.jpg; sheet_fail=0; sheet_warn=0
items-0351-0400,PASS,50,qa=docs/assets/icon-sheets/upscale-4x-clean/qa-boards/items-0351-0400-qa.jpg; sheet_fail=0; sheet_warn=0
items-0401-0450,PASS,50,qa=docs/assets/icon-sheets/upscale-4x-clean/qa-boards/items-0401-0450-qa.jpg; sheet_fail=0; sheet_warn=0
items-0451-0500,PASS,50,qa=docs/assets/icon-sheets/upscale-4x-clean/qa-boards/items-0451-0500-qa.jpg; sheet_fail=0; sheet_warn=0
items-0501-0550,PASS,50,qa=docs/assets/icon-sheets/upscale-4x-clean/qa-boards/items-0501-0550-qa.jpg; sheet_fail=0; sheet_warn=0
items-0551-0600,PASS,50,qa=docs/assets/icon-sheets/upscale-4x-clean/qa-boards/items-0551-0600-qa.jpg; sheet_fail=0; sheet_warn=0
items-0601-0650,PASS,50,qa=docs/assets/icon-sheets/upscale-4x-clean/qa-boards/items-0601-0650-qa.jpg; sheet_fail=0; sheet_warn=0
items-0651-0700,PASS,50,qa=docs/assets/icon-sheets/upscale-4x-clean/qa-boards/items-0651-0700-qa.jpg; sheet_fail=0; sheet_warn=0
items-0701-0750,PASS,50,qa=docs/assets/icon-sheets/upscale-4x-clean/qa-boards/items-0701-0750-qa.jpg; sheet_fail=0; sheet_warn=0
items-0751-0800,PASS,50,qa=docs/assets/icon-sheets/upscale-4x-clean/qa-boards/items-0751-0800-qa.jpg; sheet_fail=0; sheet_warn=0
items-0801-0850,PASS,50,qa=docs/assets/icon-sheets/upscale-4x-clean/qa-boards/items-0801-0850-qa.jpg; sheet_fail=0; sheet_warn=0
items-0851-0900,PASS,50,qa=docs/assets/icon-sheets/upscale-4x-clean/qa-boards/items-0851-0900-qa.jpg; sheet_fail=0; sheet_warn=0
items-0901-0950,PASS,50,qa=docs/assets/icon-sheets/upscale-4x-clean/qa-boards/items-0901-0950-qa.jpg; sheet_fail=0; sheet_warn=0
items-0951-1000,PASS,50,qa=docs/assets/icon-sheets/upscale-4x-clean/qa-boards/items-0951-1000-qa.jpg; sheet_fail=0; sheet_warn=0
items-1001-1050,PASS,50,qa=docs/assets/icon-sheets/upscale-4x-clean/qa-boards/items-1001-1050-qa.jpg; sheet_fail=0; sheet_warn=0
items-1051-1100,PASS,50,qa=docs/assets/icon-sheets/upscale-4x-clean/qa-boards/items-1051-1100-qa.jpg; sheet_fail=0; sheet_warn=0
items-1101-1150,PASS,50,qa=docs/assets/icon-sheets/upscale-4x-clean/qa-boards/items-1101-1150-qa.jpg; sheet_fail=0; sheet_warn=0
items-1151-1200,PASS,50,qa=docs/assets/icon-sheets/upscale-4x-clean/qa-boards/items-1151-1200-qa.jpg; sheet_fail=0; sheet_warn=0
items-1201-1250,PASS,50,qa=docs/assets/icon-sheets/upscale-4x-clean/qa-boards/items-1201-1250-qa.jpg; sheet_fail=0; sheet_warn=0
items-1251-1300,PASS,50,qa=docs/assets/icon-sheets/upscale-4x-clean/qa-boards/items-1251-1300-qa.jpg; sheet_fail=0; sheet_warn=0
items-1301-1350,PASS,50,qa=docs/assets/icon-sheets/upscale-4x-clean/qa-boards/items-1301-1350-qa.jpg; sheet_fail=0; sheet_warn=0
items-1351-1400,PASS,50,qa=docs/assets/icon-sheets/upscale-4x-clean/qa-boards/items-1351-1400-qa.jpg; sheet_fail=0; sheet_warn=0
items-1401-1450,PASS,50,qa=docs/assets/icon-sheets/upscale-4x-clean/qa-boards/items-1401-1450-qa.jpg; sheet_fail=0; sheet_warn=0
items-1451-1500,PASS,50,qa=docs/assets/icon-sheets/upscale-4x-clean/qa-boards/items-1451-1500-qa.jpg; sheet_fail=0; sheet_warn=0
items-1501-1550,PASS,50,qa=docs/assets/icon-sheets/upscale-4x-clean/qa-boards/items-1501-1550-qa.jpg; sheet_fail=0; sheet_warn=0
items-1551-1600,PASS,50,qa=docs/assets/icon-sheets/upscale-4x-clean/qa-boards/items-1551-1600-qa.jpg; sheet_fail=0; sheet_warn=0
items-1601-1650,PASS,50,qa=docs/assets/icon-sheets/upscale-4x-clean/qa-boards/items-1601-1650-qa.jpg; sheet_fail=0; sheet_warn=0
items-1651-1700,PASS,50,qa=docs/assets/icon-sheets/upscale-4x-clean/qa-boards/items-1651-1700-qa.jpg; sheet_fail=0; sheet_warn=0
items-1701-1750,PASS,50,qa=docs/assets/icon-sheets/upscale-4x-clean/qa-boards/items-1701-1750-qa.jpg; sheet_fail=0; sheet_warn=0
items-1751-1800,PASS,50,qa=docs/assets/icon-sheets/upscale-4x-clean/qa-boards/items-1751-1800-qa.jpg; sheet_fail=0; sheet_warn=0
items-1801-1850,PASS,50,qa=docs/assets/icon-sheets/upscale-4x-clean/qa-boards/items-1801-1850-qa.jpg; sheet_fail=0; sheet_warn=0
items-1851-1900,PASS,50,qa=docs/assets/icon-sheets/upscale-4x-clean/qa-boards/items-1851-1900-qa.jpg; sheet_fail=0; sheet_warn=0
items-1901-1950,PASS,50,qa=docs/assets/icon-sheets/upscale-4x-clean/qa-boards/items-1901-1950-qa.jpg; sheet_fail=0; sheet_warn=0
items-1951-2000,PASS,50,qa=docs/assets/icon-sheets/upscale-4x-clean/qa-boards/items-1951-2000-qa.jpg; sheet_fail=0; sheet_warn=0
items-2001-2050,PASS,50,qa=docs/assets/icon-sheets/upscale-4x-clean/qa-boards/items-2001-2050-qa.jpg; sheet_fail=0; sheet_warn=0
items-2051-2100,PASS,50,qa=docs/assets/icon-sheets/upscale-4x-clean/qa-boards/items-2051-2100-qa.jpg; sheet_fail=0; sheet_warn=0
items-2101-2150,PASS,50,qa=docs/assets/icon-sheets/upscale-4x-clean/qa-boards/items-2101-2150-qa.jpg; sheet_fail=0; sheet_warn=0
items-2151-2200,PASS,50,qa=docs/assets/icon-sheets/upscale-4x-clean/qa-boards/items-2151-2200-qa.jpg; sheet_fail=0; sheet_warn=0
items-2201-2250,PASS,50,qa=docs/assets/icon-sheets/upscale-4x-clean/qa-boards/items-2201-2250-qa.jpg; sheet_fail=0; sheet_warn=0
items-2251-2300,PASS,50,qa=docs/assets/icon-sheets/upscale-4x-clean/qa-boards/items-2251-2300-qa.jpg; sheet_fail=0; sheet_warn=0
items-2301-2350,PASS,50,qa=docs/assets/icon-sheets/upscale-4x-clean/qa-boards/items-2301-2350-qa.jpg; sheet_fail=0; sheet_warn=0
items-2351-2400,PASS,50,qa=docs/assets/icon-sheets/upscale-4x-clean/qa-boards/items-2351-2400-qa.jpg; sheet_fail=0; sheet_warn=0
items-2401-2450,PASS,50,qa=docs/assets/icon-sheets/upscale-4x-clean/qa-boards/items-2401-2450-qa.jpg; sheet_fail=0; sheet_warn=0
items-2451-2500,PASS,50,qa=docs/assets/icon-sheets/upscale-4x-clean/qa-boards/items-2451-2500-qa.jpg; sheet_fail=0; sheet_warn=0
items-2501-2550,PASS,50,qa=docs/assets/icon-sheets/upscale-4x-clean/qa-boards/items-2501-2550-qa.jpg; sheet_fail=0; sheet_warn=0
items-2551-2600,PASS,50,qa=docs/assets/icon-sheets/upscale-4x-clean/qa-boards/items-2551-2600-qa.jpg; sheet_fail=0; sheet_warn=0
items-2601-2650,PASS,50,qa=docs/assets/icon-sheets/upscale-4x-clean/qa-boards/items-2601-2650-qa.jpg; sheet_fail=0; sheet_warn=0
items-2651-2700,PASS,50,qa=docs/assets/icon-sheets/upscale-4x-clean/qa-boards/items-2651-2700-qa.jpg; sheet_fail=0; sheet_warn=0
items-2701-2750,PASS,50,qa=docs/assets/icon-sheets/upscale-4x-clean/qa-boards/items-2701-2750-qa.jpg; sheet_fail=0; sheet_warn=0
items-2751-2800,PASS,50,qa=docs/assets/icon-sheets/upscale-4x-clean/qa-boards/items-2751-2800-qa.jpg; sheet_fail=0; sheet_warn=0
items-2801-2850,PASS,50,qa=docs/assets/icon-sheets/upscale-4x-clean/qa-boards/items-2801-2850-qa.jpg; sheet_fail=0; sheet_warn=0
items-2851-2900,PASS,50,qa=docs/assets/icon-sheets/upscale-4x-clean/qa-boards/items-2851-2900-qa.jpg; sheet_fail=0; sheet_warn=0
items-2901-2950,PASS,50,qa=docs/assets/icon-sheets/upscale-4x-clean/qa-boards/items-2901-2950-qa.jpg; sheet_fail=0; sheet_warn=0
items-2951-3000,PASS,50,qa=docs/assets/icon-sheets/upscale-4x-clean/qa-boards/items-2951-3000-qa.jpg; sheet_fail=0; sheet_warn=0
items-3001-3050,PASS,50,qa=docs/assets/icon-sheets/upscale-4x-clean/qa-boards/items-3001-3050-qa.jpg; sheet_fail=0; sheet_warn=0
items-3051-3100,PASS,50,qa=docs/assets/icon-sheets/upscale-4x-clean/qa-boards/items-3051-3100-qa.jpg; sheet_fail=0; sheet_warn=0
items-3101-3150,PASS,50,qa=docs/assets/icon-sheets/upscale-4x-clean/qa-boards/items-3101-3150-qa.jpg; sheet_fail=0; sheet_warn=0
items-3151-3200,PASS,50,qa=docs/assets/icon-sheets/upscale-4x-clean/qa-boards/items-3151-3200-qa.jpg; sheet_fail=0; sheet_warn=0
items-3201-3250,PASS,50,qa=docs/assets/icon-sheets/upscale-4x-clean/qa-boards/items-3201-3250-qa.jpg; sheet_fail=0; sheet_warn=0
items-3251-3300,PASS,50,qa=docs/assets/icon-sheets/upscale-4x-clean/qa-boards/items-3251-3300-qa.jpg; sheet_fail=0; sheet_warn=0
items-3301-3350,PASS,50,qa=docs/assets/icon-sheets/upscale-4x-clean/qa-boards/items-3301-3350-qa.jpg; sheet_fail=0; sheet_warn=0
items-3351-3400,PASS,50,qa=docs/assets/icon-sheets/upscale-4x-clean/qa-boards/items-3351-3400-qa.jpg; sheet_fail=0; sheet_warn=0
items-3401-3450,PASS,50,qa=docs/assets/icon-sheets/upscale-4x-clean/qa-boards/items-3401-3450-qa.jpg; sheet_fail=0; sheet_warn=0
items-3451-3500,PASS,50,qa=docs/assets/icon-sheets/upscale-4x-clean/qa-boards/items-3451-3500-qa.jpg; sheet_fail=0; sheet_warn=0
items-3501-3550,PASS,50,qa=docs/assets/icon-sheets/upscale-4x-clean/qa-boards/items-3501-3550-qa.jpg; sheet_fail=0; sheet_warn=0
items-3551-3600,PASS,50,qa=docs/assets/icon-sheets/upscale-4x-clean/qa-boards/items-3551-3600-qa.jpg; sheet_fail=0; sheet_warn=0
items-3601-3650,PASS,50,qa=docs/assets/icon-sheets/upscale-4x-clean/qa-boards/items-3601-3650-qa.jpg; sheet_fail=0; sheet_warn=0
items-3651-3700,PASS,50,qa=docs/assets/icon-sheets/upscale-4x-clean/qa-boards/items-3651-3700-qa.jpg; sheet_fail=0; sheet_warn=0
items-3701-3750,PASS,50,qa=docs/assets/icon-sheets/upscale-4x-clean/qa-boards/items-3701-3750-qa.jpg; sheet_fail=0; sheet_warn=0
items-3751-3800,PASS,50,qa=docs/assets/icon-sheets/upscale-4x-clean/qa-boards/items-3751-3800-qa.jpg; sheet_fail=0; sheet_warn=0
items-3801-3850,PASS,50,qa=docs/assets/icon-sheets/upscale-4x-clean/qa-boards/items-3801-3850-qa.jpg; sheet_fail=0; sheet_warn=0
items-3851-3900,PASS,50,qa=docs/assets/icon-sheets/upscale-4x-clean/qa-boards/items-3851-3900-qa.jpg; sheet_fail=0; sheet_warn=0
items-3901-3950,PASS,50,qa=docs/assets/icon-sheets/upscale-4x-clean/qa-boards/items-3901-3950-qa.jpg; sheet_fail=0; sheet_warn=0
items-3951-4000,PASS,50,qa=docs/assets/icon-sheets/upscale-4x-clean/qa-boards/items-3951-4000-qa.jpg; sheet_fail=0; sheet_warn=0
items-4001-4050,PASS,50,qa=docs/assets/icon-sheets/upscale-4x-clean/qa-boards/items-4001-4050-qa.jpg; sheet_fail=0; sheet_warn=0
items-4051-4100,PASS,50,qa=docs/assets/icon-sheets/upscale-4x-clean/qa-boards/items-4051-4100-qa.jpg; sheet_fail=0; sheet_warn=0
items-4101-4150,PASS,50,qa=docs/assets/icon-sheets/upscale-4x-clean/qa-boards/items-4101-4150-qa.jpg; sheet_fail=0; sheet_warn=0
items-4151-4200,PASS,50,qa=docs/assets/icon-sheets/upscale-4x-clean/qa-boards/items-4151-4200-qa.jpg; sheet_fail=0; sheet_warn=0
items-4201-4250,PASS,50,qa=docs/assets/icon-sheets/upscale-4x-clean/qa-boards/items-4201-4250-qa.jpg; sheet_fail=0; sheet_warn=0
items-4251-4300,PASS,50,qa=docs/assets/icon-sheets/upscale-4x-clean/qa-boards/items-4251-4300-qa.jpg; sheet_fail=0; sheet_warn=0
items-4301-4350,PASS,50,qa=docs/assets/icon-sheets/upscale-4x-clean/qa-boards/items-4301-4350-qa.jpg; sheet_fail=0; sheet_warn=0
items-4351-4400,PASS,50,qa=docs/assets/icon-sheets/upscale-4x-clean/qa-boards/items-4351-4400-qa.jpg; sheet_fail=0; sheet_warn=0
items-4401-4450,PASS,50,qa=docs/assets/icon-sheets/upscale-4x-clean/qa-boards/items-4401-4450-qa.jpg; sheet_fail=0; sheet_warn=0
items-4451-4500,PASS,50,qa=docs/assets/icon-sheets/upscale-4x-clean/qa-boards/items-4451-4500-qa.jpg; sheet_fail=0; sheet_warn=0
items-4501-4550,PASS,50,qa=docs/assets/icon-sheets/upscale-4x-clean/qa-boards/items-4501-4550-qa.jpg; sheet_fail=0; sheet_warn=0
items-4551-4600,PASS,50,qa=docs/assets/icon-sheets/upscale-4x-clean/qa-boards/items-4551-4600-qa.jpg; sheet_fail=0; sheet_warn=0
items-4601-4650,PASS,50,qa=docs/assets/icon-sheets/upscale-4x-clean/qa-boards/items-4601-4650-qa.jpg; sheet_fail=0; sheet_warn=0
items-4651-4700,PASS,50,qa=docs/assets/icon-sheets/upscale-4x-clean/qa-boards/items-4651-4700-qa.jpg; sheet_fail=0; sheet_warn=0
items-4701-4750,PASS,50,qa=docs/assets/icon-sheets/upscale-4x-clean/qa-boards/items-4701-4750-qa.jpg; sheet_fail=0; sheet_warn=0
items-4751-4800,PASS,50,qa=docs/assets/icon-sheets/upscale-4x-clean/qa-boards/items-4751-4800-qa.jpg; sheet_fail=0; sheet_warn=0
items-4801-4850,PASS,50,qa=docs/assets/icon-sheets/upscale-4x-clean/qa-boards/items-4801-4850-qa.jpg; sheet_fail=0; sheet_warn=0
items-4851-4900,PASS,50,qa=docs/assets/icon-sheets/upscale-4x-clean/qa-boards/items-4851-4900-qa.jpg; sheet_fail=0; sheet_warn=0
items-4901-4950,PASS,50,qa=docs/assets/icon-sheets/upscale-4x-clean/qa-boards/items-4901-4950-qa.jpg; sheet_fail=0; sheet_warn=0
items-4951-5000,PASS,50,qa=docs/assets/icon-sheets/upscale-4x-clean/qa-boards/items-4951-5000-qa.jpg; sheet_fail=0; sheet_warn=0
items-5001-5006,PASS,6,qa=docs/assets/icon-sheets/upscale-4x-clean/qa-boards/items-5001-5006-qa.jpg; sheet_fail=0; sheet_warn=0
